Verksamhet,total_claims,exposure,claim_frequency
VVS,2916,92337.610290003,0.03157976463590268
Takarbeten,1153,46086.22762667139,0.025018320209240268
Byggföretag,8161,369045.2272252956,0.022113820740507377
Övriga specialistföretag,3368,157093.02735717536,0.02143952571709201
Grävning & Schaktning,1401,74282.90627220608,0.01886032830845503
Elektriker,1424,92277.21372806928,0.015431761997023122
Målare,1307,92916.91120427981,0.014066330693306546
