variable,Omsattning,Forsakringsbelopp,Sjalvrisk
Omsattning,1.0,0.43465720525393714,0.45615877835975477
Forsakringsbelopp,0.43465720525393714,1.0,0.21302082541341508
Sjalvrisk,0.45615877835975477,0.21302082541341508,1.0
